{
    "Arabica": [
        {
            "foto": "images/produk/product_capuchino.jpg",
            "nama": "Cappuccino",
            "size": "500 Gram",
            "harga": "35.000",
            "link": "https://www.google.com/search?q=cappuccino+arabica&tbm=shop"
        },
        {
            "foto": "images/produk/product_espresso.jpg",
            "nama": "Pahit Arabica",
            "size": "100 Gram",
            "harga": "40.000",
            "link": "https://www.google.com/search?q=pahit+arabica&tbm=shop"
        },
        {
            "foto": "images/produk/product_latte.jpg",
            "nama": "Latte Arabica",
            "size": "150 Gram",
            "harga": "40.000",
            "link": "https://www.google.com/search?q=latte+arabica&tbm=shop"
        }
    ],
    "Robusta": [
        {
            "foto": "/robusta latte.jpeg",
            "nama": "Robusta Latte",
            "size": "150 Gram",
            "harga": "35.000",
            "link": "https://www.google.com/search?q=kopi+susu+robusta&tbm=shop"
        },
        {
            "foto": "/robusta_susu.jpeg",
            "nama": "Robusta Susu",
            "size": "150 Gram",
            "harga": "45.000",
            "link": "/robusta latte.jpeg"
        },
        {
           "foto": "/aromatic robusta.jpeg",
           "nama": "Robusta Aromatic",
           "size": "150 Gram",
           "harga": "45.000",
           "link": "/aromatic robusta.jpg"
        }
        
    ],
    "Non Kopi": [
      {
        "foto": "/Es Teh Manis.jpeg",
        "nama": "Es Teh Manis",
        "size": "150 Gram",
        "harga": "35.000",
        "link": "/Es Teh Manis.jpeg"
        },
        {
          "foto": "/Cendol.jpeg",
          "nama": "Es Cendol",
          "size": "150 Gram",
          "harga": "45.000",
          "link": "/Cendol.jpeg"
        },
        {
          "foto": "/aromatic robusta.jpeg",
          "nama": "Robusta Aromatic",
          "size": "150 Gram",
          "harga": "45.000",
          "link": "/aromatic robusta.jpg"
      }]
}